state,orders,avg_price_brl,avg_freight_brl,freight_pct_of_price
Ro,278,165.973525,41.069712,59.418839346
Ma,824,145.20415,38.257002,54.932364986
Pb,602,191.475215,42.723803,51.159656075
Rn,529,156.965935,35.652362,50.632979979
Pi,542,160.358081,39.14797,49.98423429
To,315,157.529333,37.246603,49.945929132
Am,165,135.496,33.205393,49.813648194
Al,444,180.889211,35.843671,47.448196484
Pa,1080,165.692416,35.832685,47.359296511
Se,385,153.041168,36.653168,46.494566749
Pe,1806,145.508322,32.917862,44.999586422
Ce,1478,153.758261,32.714201,43.15407419
Ba,3799,134.601208,26.363958,39.494614212
Mt,1055,148.297184,28.166284,39.317812817
Rs,6235,120.337453,21.735804,35.57869823
