year,month,month_name,distinct_orders,revenue_brl,revenue_usd
2016,9,September,3,267.36,80.76
2016,10,October,308,49507.66,14605.23
2016,12,December,1,10.9,3.22
2017,1,January,789,120312.87,38439.96
2017,2,February,1733,247303.02,79013.95
2017,3,March,2641,374344.3,119603.85
2017,4,April,2391,359927.23,111793.22
2017,5,May,3660,506071.14,157184.53
2017,6,June,3217,433038.6,134500.48
2017,7,July,3969,498031.48,158623.38
2017,8,August,4293,573971.68,182811.06
2017,9,September,4243,624401.69,198873.13
2017,10,October,4568,664219.43,201925.65
2017,11,November,7451,1010271.37,307129.46
2017,12,December,5624,743914.17,226154.98
2018,1,January,7220,950030.36,294034.85
2018,2,February,6694,844178.71,261273.05
2018,3,March,7188,983213.44,304304.66
2018,4,April,6934,996647.75,276071.03
2018,5,May,6853,996517.68,276035.48
2018,6,June,6160,865124.31,239639.62
2018,7,July,6273,895507.22,229696.87
2018,8,August,6452,854686.33,219225.41
2018,9,September,1,145.0,37.19
