seller_id,seller_state,total_orders,late_orders,pct_late,avg_delay
4A3Ca9315B744Ce9F8E9374361493884,Sp,1949,189,9.697280656747049,-9.644433042585941
1F50F920176Fa81Dab994F9023523100,Sp,1926,150,7.78816199376947,-10.852544132917965
4869F7A5Dfa277A7Dca6462Dcf3B52B2,Sp,1148,121,10.54006968641115,-11.164634146341463
7C67E1448B00F6E969D365Cea6B010Ab,Sp,1355,120,8.856088560885608,-11.52988929889299
6560211A19B47992C3666Cc44A7E94C0,Sp,1996,102,5.110220440881764,-11.710420841683367
Ea8482Cd71Df3C1969D7B9473Ff13Abc,Sp,1188,100,8.417508417508419,-10.117845117845118
Da8622B14Eb17Ae2831F4Ac5B9Dab84A,Sp,1548,99,6.395348837209303,-11.239018087855298
955Fee9216A65B617Aa5C0531780Ce60,Sp,1472,95,6.453804347826086,-10.33288043478261
1025F0E2D44D7041D6Cf58B6550E0Bfa,Sp,1420,95,6.690140845070422,-11.10492957746479
Cc419E0650A3C5Ba77189A1882B7556A,Sp,1719,88,5.119255381035486,-13.052356020942408
8B321Bb669392F5163D04C59E235E066,Sp,1005,87,8.656716417910449,-10.011940298507463
06A2C3Af7B3Aee5D69171B0E14F0Ee87,Ma,402,78,19.402985074626866,-11.2636815920398
620C87C171Fb2A6Dd6E8Bb4Dec959Fc6,Rj,781,65,8.322663252240718,-13.856594110115237
8160255418D5Aaa7Dbdc9F4C64Ebda44,Sp,424,64,15.09433962264151,-7.5495283018867925
7D13Fca15225358621Be4086E1Eb0964,Sp,571,64,11.208406304728546,-11.0
3D871De0142Ce09B7081E2B9D1733Cb1,Sp,1131,62,5.4818744473916885,-13.117595048629532
7A67C85E85Bb2Ce8582C35F2203Ad736,Sp,1155,60,5.194805194805195,-11.838095238095239
Fa1C13F2614D7B5C4749Cbc52Fecda94,Sp,579,53,9.153713298791018,-10.309153713298791
1835B56Ce799E6A4Dc4Eddc053F04066,Sp,551,49,8.892921960072595,-10.81306715063521
88460E8Ebdecbfecb5F9601833981930,Pr,300,49,16.333333333333332,-10.963333333333333
