category_en,order_items,avg_review_score,avg_delay_days,avg_price_brl
Office Furniture,1677,3.491353607632677,-11.859733978234583,161.643428
Fashion Male Clothing,131,3.6412213740458017,-12.862903225806452,80.937557
Fixed Telephony,261,3.681992337164751,-14.698412698412698,225.98862
Audio,360,3.8305555555555557,-10.100558659217876,140.024472
Home Confort,432,3.8310185185185186,-9.810304449648712,133.785046
,1589,3.838263058527376,-11.416393442622951,112.199823
Construction Tools Safety,193,3.844559585492228,-12.307692307692308,209.924974
Bed Bath Table,10982,3.898379165907849,-11.68580925122334,93.443123
Furniture Living Room,498,3.9016064257028114,-11.893877551020408,136.013855
Furniture Decor,8250,3.909818181818182,-12.457920792079207,87.678113
Computers Accessories,7782,3.934978154716011,-12.457341921914027,116.537287
Art,207,3.9371980676328504,-12.78974358974359,116.124347
Home Construction,599,3.9382303839732886,-11.484797297297296,138.159632
Telephony,4512,3.9459219858156027,-11.389418710263397,70.90851
Kitchen Dining Laundry Garden Furniture,279,3.960573476702509,-12.415441176470589,165.145053
Air Conditioning,292,3.969178082191781,-14.27112676056338,186.061849
Fashion Underwear Beach,130,3.976923076923077,-10.952380952380953,73.012692
Agro Industry And Commerce,212,4.0,-11.46116504854369,342.124858
Baby,3040,4.011184210526316,-11.733355863467388,134.330319
Watches Gifts,5940,4.018350168350168,-11.966798554963013,201.430274
Market Place,309,4.019417475728155,-14.64026402640264,91.628414
Christmas Supplies,146,4.02054794520548,-12.811188811188812,55.411643
Consoles Games,1126,4.023978685612788,-11.732159406858202,137.985142
Electronics,2748,4.037117903930131,-11.154612546125461,56.860687
Drinks,373,4.037533512064343,-11.529085872576177,59.889436
Garden Tools,4315,4.045191193511008,-12.041037735849057,111.650266
Costruction Tools Garden,238,4.046218487394958,-13.543103448275861,108.049957
Construction Tools Lights,295,4.0508474576271185,-11.226027397260275,136.441457
Construction Tools Construction,924,4.050865800865801,-11.679473106476399,154.724242
Housewares,6918,4.055507372072854,-12.336737714624038,90.743607
Auto,4192,4.063215648854962,-11.461200585651538,139.557946
Dvds Blu Ray,63,4.079365079365079,-13.360655737704919,94.960158
Signaling And Security,197,4.086294416243655,-12.831632653061224,108.319543
Industry Commerce And Business,265,4.09811320754717,-12.739463601532567,148.994754
Sports Leisure,8581,4.107330148001399,-12.023513965146813,114.350469
Furniture Bedroom,109,4.110091743119266,-13.514563106796116,183.750275
Tablets Printing Image,81,4.1234567901234565,-13.024691358024691,80.350987
Home Appliances 2,236,4.139830508474576,-12.360869565217392,478.596779
Health Beauty,9588,4.141739674593242,-12.012654189706508,130.157243
Fashion Bags Accessories,2020,4.146039603960396,-13.352226720647772,75.249039
Cool Stuff,3762,4.146730462519936,-12.515315803740851,166.824566
Small Appliances,673,4.147102526002972,-13.926493108728943,280.343655
Musical Instruments,674,4.1513353115727005,-11.465116279069768,280.195192
Home Appliances,768,4.157552083333333,-12.671105193075899,104.101145
Toys,4083,4.159196669115846,-12.186296574143537,117.286015
Perfumery,3405,4.165932452276064,-12.434704293005103,116.737151
Computers,200,4.175,-11.78061224489796,1070.99065
Pet Shop,1937,4.184305627258647,-12.565013054830287,110.091337
Cine Photo,72,4.194444444444445,-11.32857142857143,96.298055
Stationery,2499,4.194877951180472,-12.036311709506323,91.828251
Food,495,4.218181818181818,-9.86447638603696,58.455373
Fashion Shoes,258,4.228682170542636,-14.865612648221344,89.780503
Small Appliances Home Oven And Coffee,76,4.302631578947368,-11.58904109589041,624.285657
Food Drink,277,4.3140794223826715,-11.613382899628252,54.709314
Luggage Accessories,1088,4.315257352941177,-12.647716682199441,128.534191
Books Technical,264,4.363636363636363,-11.255725190839694,71.920909
Books Imported,60,4.4,-11.192982456140351,77.330833
Costruction Tools Tools,99,4.444444444444445,-12.474747474747474,159.335858
Books General Interest,549,4.446265938069216,-12.172932330827068,84.845409
